{
  "hash": "ae5df1fd",
  "configHash": "6618c5c6",
  "lockfileHash": "96997aac",
  "browserHash": "8cf2f5a8",
  "optimized": {
    "@angular/common": {
      "src": "../../../../../../node_modules/@angular/common/fesm2022/common.mjs",
      "file": "@angular_common.js",
      "fileHash": "643e4549",
      "needsInterop": false
    },
    "@angular/core": {
      "src": "../../../../../../node_modules/@angular/core/fesm2022/core.mjs",
      "file": "@angular_core.js",
      "fileHash": "94c6af50",
      "needsInterop": false
    },
    "@angular/forms": {
      "src": "../../../../../../node_modules/@angular/forms/fesm2022/forms.mjs",
      "file": "@angular_forms.js",
      "fileHash": "905e814c",
      "needsInterop": false
    },
    "@angular/platform-browser": {
      "src": "../../../../../../node_modules/@angular/platform-browser/fesm2022/platform-browser.mjs",
      "file": "@angular_platform-browser.js",
      "fileHash": "e39c88f3",
      "needsInterop": false
    },
    "@angular/router": {
      "src": "../../../../../../node_modules/@angular/router/fesm2022/router.mjs",
      "file": "@angular_router.js",
      "fileHash": "34ebc82e",
      "needsInterop": false
    },
    "qrcode": {
      "src": "../../../../../../node_modules/qrcode/lib/browser.js",
      "file": "qrcode.js",
      "fileHash": "77b214c0",
      "needsInterop": true
    },
    "zone.js": {
      "src": "../../../../../../node_modules/zone.js/fesm2015/zone.js",
      "file": "zone__js.js",
      "fileHash": "0997eacc",
      "needsInterop": true
    }
  },
  "chunks": {
    "chunk-O2SVDLXJ": {
      "file": "chunk-O2SVDLXJ.js"
    },
    "chunk-S5VHEHZK": {
      "file": "chunk-S5VHEHZK.js"
    },
    "chunk-DHQHIGDI": {
      "file": "chunk-DHQHIGDI.js"
    },
    "chunk-3OV72XIM": {
      "file": "chunk-3OV72XIM.js"
    }
  }
}